Launch Point, Capturing point, Data Path Delay, Number of cominational cells in data path
reg_op1_reg[0]/clk,latched_store_reg/d,555,24
reg_op1_reg[0]/clk,decoder_trigger_reg/d,555,24
reg_op1_reg[0]/clk,mem_do_rinst_reg/d,555,23
reg_op1_reg[0]/clk,latched_branch_reg/d,555,23
reg_op1_reg[0]/clk,alu_out_q_reg[0]/d,555,22
instr_jal_reg/clk,reg_op1_reg[31]/d,555,19
instr_jal_reg/clk,reg_op1_reg[30]/d,555,19
instr_jal_reg/clk,reg_op1_reg[29]/d,555,19
instr_jal_reg/clk,reg_op1_reg[28]/d,555,19
instr_jal_reg/clk,reg_op1_reg[27]/d,555,19
instr_jal_reg/clk,reg_op1_reg[26]/d,555,19
instr_jal_reg/clk,reg_op1_reg[25]/d,555,19
instr_jal_reg/clk,reg_op1_reg[24]/d,555,19
instr_jal_reg/clk,reg_op1_reg[23]/d,555,19
instr_jal_reg/clk,reg_op1_reg[22]/d,555,19
instr_jal_reg/clk,reg_op1_reg[21]/d,552,19
instr_jal_reg/clk,reg_op1_reg[20]/d,548,19
instr_jal_reg/clk,reg_op1_reg[19]/d,540,19
instr_jal_reg/clk,reg_op1_reg[18]/d,540,19
instr_jal_reg/clk,reg_op1_reg[17]/d,536,19
instr_jal_reg/clk,reg_op1_reg[16]/d,536,19
instr_jal_reg/clk,reg_op1_reg[15]/d,536,19
instr_jal_reg/clk,reg_op1_reg[14]/d,536,19
instr_jal_reg/clk,reg_op1_reg[13]/d,536,19
instr_jal_reg/clk,reg_op1_reg[12]/d,536,19
instr_jal_reg/clk,reg_op1_reg[11]/d,536,19
instr_jal_reg/clk,reg_op1_reg[10]/d,536,19
instr_jal_reg/clk,reg_op1_reg[9]/d,536,19
instr_jal_reg/clk,reg_op1_reg[8]/d,536,19
instr_jal_reg/clk,reg_op1_reg[7]/d,536,19
instr_jal_reg/clk,reg_op1_reg[6]/d,536,19
instr_jal_reg/clk,reg_op1_reg[5]/d,536,19
instr_jal_reg/clk,reg_op1_reg[4]/d,536,19
instr_jal_reg/clk,reg_op1_reg[3]/d,536,19
instr_jal_reg/clk,reg_op1_reg[2]/d,536,19
instr_jal_reg/clk,reg_op1_reg[1]/d,536,19
instr_jal_reg/clk,reg_op1_reg[0]/d,536,19
latched_branch_reg/clk,reg_next_pc_reg[31]/d,536,17
latched_branch_reg/clk,reg_next_pc_reg[30]/d,536,17
latched_branch_reg/clk,reg_next_pc_reg[29]/d,536,17
latched_branch_reg/clk,reg_next_pc_reg[28]/d,536,17
latched_branch_reg/clk,reg_next_pc_reg[27]/d,536,17
latched_branch_reg/clk,reg_next_pc_reg[26]/d,536,17
latched_branch_reg/clk,reg_next_pc_reg[25]/d,536,17
latched_branch_reg/clk,reg_next_pc_reg[24]/d,536,17
latched_branch_reg/clk,reg_next_pc_reg[23]/d,536,17
latched_branch_reg/clk,reg_next_pc_reg[22]/d,536,17
latched_branch_reg/clk,reg_next_pc_reg[21]/d,536,17
latched_branch_reg/clk,reg_next_pc_reg[20]/d,536,17
latched_branch_reg/clk,reg_next_pc_reg[19]/d,536,17
latched_branch_reg/clk,reg_next_pc_reg[18]/d,536,17
latched_branch_reg/clk,reg_next_pc_reg[17]/d,520,17
reg_op1_reg[0]/clk,alu_out_q_reg[31]/d,517,17
reg_op1_reg[0]/clk,alu_out_q_reg[30]/d,507,17
reg_op1_reg[0]/clk,alu_out_q_reg[29]/d,507,17
reg_op1_reg[0]/clk,alu_out_q_reg[28]/d,507,17
reg_op1_reg[0]/clk,alu_out_q_reg[27]/d,507,17
reg_op1_reg[0]/clk,alu_out_q_reg[26]/d,507,17
reg_op1_reg[0]/clk,alu_out_q_reg[25]/d,507,17
reg_op1_reg[0]/clk,alu_out_q_reg[24]/d,507,17
reg_op1_reg[0]/clk,alu_out_q_reg[23]/d,507,17
reg_op1_reg[0]/clk,alu_out_q_reg[22]/d,507,17
reg_op1_reg[0]/clk,alu_out_q_reg[21]/d,507,17
reg_op1_reg[0]/clk,alu_out_q_reg[20]/d,507,17
reg_op1_reg[0]/clk,alu_out_q_reg[19]/d,507,17
reg_op1_reg[0]/clk,alu_out_q_reg[18]/d,507,17
reg_op1_reg[0]/clk,alu_out_q_reg[17]/d,507,17
reg_pc_reg[2]/clk,reg_out_reg[31]/d,507,16
reg_pc_reg[2]/clk,reg_out_reg[30]/d,494,16
reg_pc_reg[2]/clk,reg_out_reg[29]/d,494,16
reg_pc_reg[2]/clk,reg_out_reg[28]/d,494,16
reg_pc_reg[2]/clk,reg_out_reg[26]/d,494,16
reg_pc_reg[2]/clk,reg_out_reg[21]/d,494,16
reg_pc_reg[2]/clk,reg_out_reg[20]/d,494,16
latched_branch_reg/clk,reg_next_pc_reg[16]/d,494,15
latched_branch_reg/clk,reg_next_pc_reg[15]/d,479,15
latched_branch_reg/clk,reg_next_pc_reg[14]/d,479,15
latched_branch_reg/clk,reg_next_pc_reg[13]/d,479,15
latched_branch_reg/clk,reg_next_pc_reg[12]/d,479,15
latched_branch_reg/clk,reg_next_pc_reg[11]/d,479,15
latched_branch_reg/clk,reg_next_pc_reg[10]/d,479,15
latched_branch_reg/clk,reg_next_pc_reg[9]/d,479,15
instr_jal_reg/clk,reg_op2_reg[31]/d,479,15
instr_jal_reg/clk,reg_op2_reg[30]/d,479,15
instr_jal_reg/clk,reg_op2_reg[29]/d,479,15
instr_jal_reg/clk,reg_op2_reg[28]/d,479,15
instr_jal_reg/clk,reg_op2_reg[27]/d,479,15
instr_jal_reg/clk,reg_op2_reg[26]/d,479,15
instr_jal_reg/clk,reg_op2_reg[25]/d,479,15
instr_jal_reg/clk,reg_op2_reg[24]/d,479,15
instr_jal_reg/clk,reg_op2_reg[23]/d,479,15
instr_jal_reg/clk,reg_op2_reg[22]/d,479,15
instr_jal_reg/clk,reg_op2_reg[21]/d,479,15
instr_jal_reg/clk,reg_op2_reg[20]/d,479,15
instr_jal_reg/clk,reg_op2_reg[19]/d,479,15
instr_jal_reg/clk,reg_op2_reg[18]/d,479,15
instr_jal_reg/clk,reg_op2_reg[17]/d,479,15
instr_jal_reg/clk,reg_op2_reg[16]/d,479,15
instr_jal_reg/clk,reg_op2_reg[15]/d,479,15
instr_jal_reg/clk,reg_op2_reg[14]/d,479,15
instr_jal_reg/clk,reg_op2_reg[13]/d,479,15
instr_jal_reg/clk,reg_op2_reg[12]/d,479,15
instr_jal_reg/clk,reg_op2_reg[11]/d,472,15
instr_jal_reg/clk,reg_op2_reg[10]/d,464,15
instr_jal_reg/clk,reg_op2_reg[9]/d,464,15
instr_jal_reg/clk,reg_op2_reg[8]/d,464,15
instr_jal_reg/clk,reg_op2_reg[7]/d,464,15
instr_jal_reg/clk,reg_op2_reg[6]/d,464,15
instr_jal_reg/clk,reg_op2_reg[5]/d,464,15
reg_op1_reg[0]/clk,alu_out_q_reg[16]/d,464,15
reg_pc_reg[2]/clk,reg_out_reg[27]/d,461,15
reg_pc_reg[2]/clk,reg_out_reg[25]/d,461,15
reg_pc_reg[2]/clk,reg_out_reg[24]/d,461,15
reg_pc_reg[2]/clk,reg_out_reg[23]/d,461,15
reg_pc_reg[2]/clk,reg_out_reg[22]/d,461,15
reg_pc_reg[2]/clk,reg_out_reg[19]/d,461,15
reg_pc_reg[2]/clk,reg_out_reg[18]/d,461,15
reg_pc_reg[2]/clk,reg_out_reg[17]/d,461,15
reg_op1_reg[0]/clk,alu_out_q_reg[15]/d,461,15
reg_op1_reg[0]/clk,alu_out_q_reg[14]/d,461,15
reg_op1_reg[0]/clk,alu_out_q_reg[13]/d,461,15
reg_op1_reg[0]/clk,alu_out_q_reg[12]/d,461,15
reg_op1_reg[0]/clk,alu_out_q_reg[11]/d,461,15
reg_op1_reg[0]/clk,alu_out_q_reg[10]/d,461,15
reg_op1_reg[0]/clk,alu_out_q_reg[9]/d,461,15
reg_pc_reg[2]/clk,reg_out_reg[15]/d,461,14
reg_pc_reg[2]/clk,reg_out_reg[14]/d,461,14
reg_pc_reg[2]/clk,reg_out_reg[13]/d,461,14
reg_pc_reg[2]/clk,reg_out_reg[12]/d,461,14
reg_pc_reg[2]/clk,reg_out_reg[11]/d,461,14
reg_pc_reg[2]/clk,reg_out_reg[10]/d,461,14
reg_pc_reg[2]/clk,reg_out_reg[9]/d,461,14
latched_branch_reg/clk,reg_next_pc_reg[8]/d,461,13
latched_branch_reg/clk,reg_next_pc_reg[7]/d,461,13
latched_branch_reg/clk,reg_next_pc_reg[6]/d,461,13
latched_branch_reg/clk,reg_next_pc_reg[5]/d,461,13
reg_pc_reg[2]/clk,reg_out_reg[16]/d,461,13
reg_op1_reg[0]/clk,alu_out_q_reg[8]/d,461,13
mem_valid_reg/clk,mem_wordsize_reg[1]/d,461,13
mem_valid_reg/clk,mem_wordsize_reg[0]/d,461,13
mem_wordsize_reg[1]/clk,cpu_state_reg[7]/d,461,12
mem_wordsize_reg[1]/clk,cpu_state_reg[3]/d,461,12
mem_wordsize_reg[1]/clk,cpu_state_reg[0]/d,461,12
reg_op1_reg[0]/clk,alu_out_q_reg[6]/d,461,12
mem_wordsize_reg[1]/clk,cpu_state_reg[6]/d,461,12
reg_op1_reg[0]/clk,alu_out_q_reg[7]/d,461,12
reg_op1_reg[0]/clk,alu_out_q_reg[5]/d,461,12
reg_pc_reg[2]/clk,reg_out_reg[8]/d,461,12
latched_branch_reg/clk,cpuregs_reg[15][31]/d,461,11
latched_branch_reg/clk,cpuregs_reg[15][30]/d,461,11
latched_branch_reg/clk,cpuregs_reg[15][29]/d,461,11
latched_branch_reg/clk,cpuregs_reg[15][28]/d,461,11
latched_branch_reg/clk,cpuregs_reg[15][27]/d,461,11
latched_branch_reg/clk,cpuregs_reg[15][26]/d,461,11
latched_branch_reg/clk,cpuregs_reg[15][25]/d,461,11
latched_branch_reg/clk,cpuregs_reg[15][24]/d,461,11
latched_branch_reg/clk,cpuregs_reg[15][23]/d,461,11
latched_branch_reg/clk,cpuregs_reg[15][22]/d,461,11
latched_branch_reg/clk,cpuregs_reg[15][21]/d,461,11
latched_branch_reg/clk,cpuregs_reg[15][20]/d,461,11
latched_branch_reg/clk,cpuregs_reg[15][19]/d,461,11
latched_branch_reg/clk,cpuregs_reg[15][18]/d,461,11
latched_branch_reg/clk,cpuregs_reg[15][17]/d,461,11
latched_branch_reg/clk,cpuregs_reg[15][16]/d,461,11
latched_branch_reg/clk,cpuregs_reg[15][15]/d,461,11
latched_branch_reg/clk,cpuregs_reg[15][14]/d,461,11
latched_branch_reg/clk,cpuregs_reg[15][13]/d,461,11
latched_branch_reg/clk,cpuregs_reg[15][12]/d,461,11
latched_branch_reg/clk,cpuregs_reg[15][11]/d,461,11
latched_branch_reg/clk,cpuregs_reg[15][10]/d,461,11
latched_branch_reg/clk,cpuregs_reg[15][9]/d,461,11
latched_branch_reg/clk,cpuregs_reg[15][8]/d,461,11
latched_branch_reg/clk,cpuregs_reg[15][7]/d,461,11
latched_branch_reg/clk,cpuregs_reg[15][6]/d,461,11
latched_branch_reg/clk,cpuregs_reg[15][5]/d,461,11
latched_branch_reg/clk,cpuregs_reg[15][4]/d,461,11
latched_branch_reg/clk,cpuregs_reg[15][3]/d,461,11
latched_branch_reg/clk,cpuregs_reg[15][2]/d,461,11
latched_branch_reg/clk,cpuregs_reg[15][1]/d,461,11
latched_branch_reg/clk,cpuregs_reg[15][0]/d,461,11
latched_branch_reg/clk,cpuregs_reg[14][31]/d,461,11
latched_branch_reg/clk,cpuregs_reg[14][30]/d,461,11
latched_branch_reg/clk,cpuregs_reg[14][29]/d,461,11
latched_branch_reg/clk,cpuregs_reg[14][28]/d,461,11
latched_branch_reg/clk,cpuregs_reg[14][27]/d,461,11
latched_branch_reg/clk,cpuregs_reg[14][26]/d,461,11
latched_branch_reg/clk,cpuregs_reg[14][25]/d,461,11
latched_branch_reg/clk,cpuregs_reg[14][24]/d,461,11
latched_branch_reg/clk,cpuregs_reg[14][23]/d,461,11
latched_branch_reg/clk,cpuregs_reg[14][22]/d,461,11
latched_branch_reg/clk,cpuregs_reg[14][21]/d,461,11
latched_branch_reg/clk,cpuregs_reg[14][20]/d,461,11
latched_branch_reg/clk,cpuregs_reg[14][19]/d,461,11
latched_branch_reg/clk,cpuregs_reg[14][18]/d,461,11
latched_branch_reg/clk,cpuregs_reg[14][17]/d,461,11
latched_branch_reg/clk,cpuregs_reg[14][16]/d,461,11
latched_branch_reg/clk,cpuregs_reg[14][15]/d,461,11
latched_branch_reg/clk,cpuregs_reg[14][14]/d,461,11
latched_branch_reg/clk,cpuregs_reg[14][13]/d,461,11
latched_branch_reg/clk,cpuregs_reg[14][12]/d,461,11
latched_branch_reg/clk,cpuregs_reg[14][11]/d,461,11
latched_branch_reg/clk,cpuregs_reg[14][10]/d,461,11
latched_branch_reg/clk,cpuregs_reg[14][9]/d,461,11
latched_branch_reg/clk,cpuregs_reg[14][8]/d,461,11
latched_branch_reg/clk,cpuregs_reg[14][7]/d,461,11
latched_branch_reg/clk,cpuregs_reg[14][6]/d,461,11
latched_branch_reg/clk,cpuregs_reg[14][5]/d,461,11
latched_branch_reg/clk,cpuregs_reg[14][4]/d,461,11
latched_branch_reg/clk,cpuregs_reg[14][3]/d,461,11
latched_branch_reg/clk,cpuregs_reg[14][2]/d,461,11
latched_branch_reg/clk,cpuregs_reg[14][1]/d,461,11
latched_branch_reg/clk,cpuregs_reg[14][0]/d,461,11
latched_branch_reg/clk,cpuregs_reg[11][31]/d,461,11
latched_branch_reg/clk,cpuregs_reg[11][30]/d,461,11
latched_branch_reg/clk,cpuregs_reg[11][29]/d,461,11
latched_branch_reg/clk,cpuregs_reg[11][28]/d,461,11
latched_branch_reg/clk,cpuregs_reg[11][27]/d,461,11
latched_branch_reg/clk,cpuregs_reg[11][26]/d,461,11
latched_branch_reg/clk,cpuregs_reg[11][25]/d,461,11
latched_branch_reg/clk,cpuregs_reg[11][24]/d,461,11
latched_branch_reg/clk,cpuregs_reg[11][23]/d,461,11
latched_branch_reg/clk,cpuregs_reg[11][22]/d,461,11
latched_branch_reg/clk,cpuregs_reg[11][21]/d,461,11
latched_branch_reg/clk,cpuregs_reg[11][20]/d,461,11
latched_branch_reg/clk,cpuregs_reg[11][19]/d,461,11
latched_branch_reg/clk,cpuregs_reg[11][18]/d,461,11
latched_branch_reg/clk,cpuregs_reg[11][17]/d,461,11
latched_branch_reg/clk,cpuregs_reg[11][16]/d,461,11
latched_branch_reg/clk,cpuregs_reg[11][15]/d,461,11
latched_branch_reg/clk,cpuregs_reg[11][14]/d,461,11
latched_branch_reg/clk,cpuregs_reg[11][13]/d,461,11
latched_branch_reg/clk,cpuregs_reg[11][12]/d,461,11
latched_branch_reg/clk,cpuregs_reg[11][11]/d,461,11
latched_branch_reg/clk,cpuregs_reg[11][10]/d,461,11
latched_branch_reg/clk,cpuregs_reg[11][9]/d,461,11
latched_branch_reg/clk,cpuregs_reg[11][8]/d,461,11
latched_branch_reg/clk,cpuregs_reg[11][7]/d,461,11
latched_branch_reg/clk,cpuregs_reg[11][6]/d,461,11
latched_branch_reg/clk,cpuregs_reg[11][5]/d,461,11
latched_branch_reg/clk,cpuregs_reg[11][4]/d,461,11
latched_branch_reg/clk,cpuregs_reg[11][3]/d,461,11
latched_branch_reg/clk,cpuregs_reg[11][2]/d,461,11
latched_branch_reg/clk,cpuregs_reg[11][1]/d,461,11
latched_branch_reg/clk,cpuregs_reg[11][0]/d,461,11
latched_branch_reg/clk,cpuregs_reg[10][31]/d,461,11
latched_branch_reg/clk,cpuregs_reg[10][30]/d,461,11
latched_branch_reg/clk,cpuregs_reg[10][29]/d,461,11
latched_branch_reg/clk,cpuregs_reg[10][28]/d,461,11
latched_branch_reg/clk,cpuregs_reg[10][27]/d,461,11
latched_branch_reg/clk,cpuregs_reg[10][26]/d,461,11
latched_branch_reg/clk,cpuregs_reg[10][25]/d,461,11
latched_branch_reg/clk,cpuregs_reg[10][24]/d,461,11
latched_branch_reg/clk,cpuregs_reg[10][23]/d,461,11
latched_branch_reg/clk,cpuregs_reg[10][22]/d,461,11
latched_branch_reg/clk,cpuregs_reg[10][21]/d,461,11
latched_branch_reg/clk,cpuregs_reg[10][20]/d,461,11
latched_branch_reg/clk,cpuregs_reg[10][19]/d,461,11
latched_branch_reg/clk,cpuregs_reg[10][18]/d,461,11
latched_branch_reg/clk,cpuregs_reg[10][17]/d,461,11
latched_branch_reg/clk,cpuregs_reg[10][16]/d,461,11
latched_branch_reg/clk,cpuregs_reg[10][15]/d,461,11
latched_branch_reg/clk,cpuregs_reg[10][14]/d,461,11
latched_branch_reg/clk,cpuregs_reg[10][13]/d,461,11
latched_branch_reg/clk,cpuregs_reg[10][12]/d,461,11
latched_branch_reg/clk,cpuregs_reg[10][11]/d,461,11
latched_branch_reg/clk,cpuregs_reg[10][10]/d,461,11
latched_branch_reg/clk,cpuregs_reg[10][9]/d,461,11
latched_branch_reg/clk,cpuregs_reg[10][8]/d,461,11
latched_branch_reg/clk,cpuregs_reg[10][7]/d,461,11
latched_branch_reg/clk,cpuregs_reg[10][6]/d,461,11
latched_branch_reg/clk,cpuregs_reg[10][5]/d,461,11
latched_branch_reg/clk,cpuregs_reg[10][4]/d,461,11
latched_branch_reg/clk,cpuregs_reg[10][3]/d,461,11
latched_branch_reg/clk,cpuregs_reg[10][2]/d,461,11
latched_branch_reg/clk,cpuregs_reg[10][1]/d,461,11
latched_branch_reg/clk,cpuregs_reg[10][0]/d,461,11
latched_branch_reg/clk,cpuregs_reg[7][31]/d,461,11
latched_branch_reg/clk,cpuregs_reg[7][30]/d,461,11
latched_branch_reg/clk,cpuregs_reg[7][29]/d,461,11
latched_branch_reg/clk,cpuregs_reg[7][28]/d,461,11
latched_branch_reg/clk,cpuregs_reg[7][27]/d,461,11
latched_branch_reg/clk,cpuregs_reg[7][26]/d,461,11
latched_branch_reg/clk,cpuregs_reg[7][25]/d,461,11
latched_branch_reg/clk,cpuregs_reg[7][24]/d,461,11
latched_branch_reg/clk,cpuregs_reg[7][23]/d,461,11
latched_branch_reg/clk,cpuregs_reg[7][22]/d,461,11
latched_branch_reg/clk,cpuregs_reg[7][21]/d,461,11
latched_branch_reg/clk,cpuregs_reg[7][20]/d,461,11
latched_branch_reg/clk,cpuregs_reg[7][19]/d,461,11
latched_branch_reg/clk,cpuregs_reg[7][18]/d,461,11
latched_branch_reg/clk,cpuregs_reg[7][17]/d,461,11
latched_branch_reg/clk,cpuregs_reg[7][16]/d,461,11
latched_branch_reg/clk,cpuregs_reg[7][15]/d,461,11
latched_branch_reg/clk,cpuregs_reg[7][14]/d,461,11
latched_branch_reg/clk,cpuregs_reg[7][13]/d,461,11
latched_branch_reg/clk,cpuregs_reg[7][12]/d,461,11
latched_branch_reg/clk,cpuregs_reg[7][11]/d,461,11
latched_branch_reg/clk,cpuregs_reg[7][10]/d,461,11
latched_branch_reg/clk,cpuregs_reg[7][9]/d,461,11
latched_branch_reg/clk,cpuregs_reg[7][8]/d,461,11
latched_branch_reg/clk,cpuregs_reg[7][7]/d,461,11
latched_branch_reg/clk,cpuregs_reg[7][6]/d,461,11
latched_branch_reg/clk,cpuregs_reg[7][5]/d,461,11
latched_branch_reg/clk,cpuregs_reg[7][4]/d,461,11
latched_branch_reg/clk,cpuregs_reg[7][3]/d,461,11
latched_branch_reg/clk,cpuregs_reg[7][2]/d,461,11
latched_branch_reg/clk,cpuregs_reg[7][1]/d,461,11
latched_branch_reg/clk,cpuregs_reg[7][0]/d,461,11
latched_branch_reg/clk,cpuregs_reg[6][31]/d,461,11
latched_branch_reg/clk,cpuregs_reg[6][30]/d,461,11
latched_branch_reg/clk,cpuregs_reg[6][29]/d,461,11
latched_branch_reg/clk,cpuregs_reg[6][28]/d,461,11
latched_branch_reg/clk,cpuregs_reg[6][27]/d,461,11
latched_branch_reg/clk,cpuregs_reg[6][26]/d,461,11
latched_branch_reg/clk,cpuregs_reg[6][25]/d,461,11
latched_branch_reg/clk,cpuregs_reg[6][24]/d,461,11
latched_branch_reg/clk,cpuregs_reg[6][23]/d,461,11
latched_branch_reg/clk,cpuregs_reg[6][22]/d,461,11
latched_branch_reg/clk,cpuregs_reg[6][21]/d,461,11
latched_branch_reg/clk,cpuregs_reg[6][20]/d,461,11
latched_branch_reg/clk,cpuregs_reg[6][19]/d,461,11
latched_branch_reg/clk,cpuregs_reg[6][18]/d,461,11
latched_branch_reg/clk,cpuregs_reg[6][17]/d,461,11
latched_branch_reg/clk,cpuregs_reg[6][16]/d,461,11
latched_branch_reg/clk,cpuregs_reg[6][15]/d,461,11
latched_branch_reg/clk,cpuregs_reg[6][14]/d,461,11
latched_branch_reg/clk,cpuregs_reg[6][13]/d,461,11
latched_branch_reg/clk,cpuregs_reg[6][12]/d,461,11
latched_branch_reg/clk,cpuregs_reg[6][11]/d,461,11
latched_branch_reg/clk,cpuregs_reg[6][10]/d,461,11
latched_branch_reg/clk,cpuregs_reg[6][9]/d,461,11
latched_branch_reg/clk,cpuregs_reg[6][8]/d,461,11
latched_branch_reg/clk,cpuregs_reg[6][7]/d,461,11
latched_branch_reg/clk,cpuregs_reg[6][6]/d,461,11
latched_branch_reg/clk,cpuregs_reg[6][5]/d,461,11
latched_branch_reg/clk,cpuregs_reg[6][4]/d,461,11
latched_branch_reg/clk,cpuregs_reg[6][3]/d,461,11
latched_branch_reg/clk,cpuregs_reg[6][2]/d,461,11
latched_branch_reg/clk,cpuregs_reg[6][1]/d,461,11
latched_branch_reg/clk,cpuregs_reg[6][0]/d,461,11
latched_branch_reg/clk,cpuregs_reg[3][31]/d,461,11
latched_branch_reg/clk,cpuregs_reg[3][30]/d,461,11
latched_branch_reg/clk,cpuregs_reg[3][29]/d,461,11
latched_branch_reg/clk,cpuregs_reg[3][28]/d,461,11
latched_branch_reg/clk,cpuregs_reg[3][27]/d,461,11
latched_branch_reg/clk,cpuregs_reg[3][26]/d,461,11
latched_branch_reg/clk,cpuregs_reg[3][25]/d,461,11
latched_branch_reg/clk,cpuregs_reg[3][24]/d,461,11
latched_branch_reg/clk,cpuregs_reg[3][23]/d,461,11
latched_branch_reg/clk,cpuregs_reg[3][22]/d,461,11
latched_branch_reg/clk,cpuregs_reg[3][21]/d,461,11
latched_branch_reg/clk,cpuregs_reg[3][20]/d,461,11
latched_branch_reg/clk,cpuregs_reg[3][19]/d,461,11
latched_branch_reg/clk,cpuregs_reg[3][18]/d,461,11
latched_branch_reg/clk,cpuregs_reg[3][17]/d,461,11
latched_branch_reg/clk,cpuregs_reg[3][16]/d,461,11
latched_branch_reg/clk,cpuregs_reg[3][15]/d,461,11
latched_branch_reg/clk,cpuregs_reg[3][14]/d,461,11
latched_branch_reg/clk,cpuregs_reg[3][13]/d,461,11
latched_branch_reg/clk,cpuregs_reg[3][12]/d,461,11
latched_branch_reg/clk,cpuregs_reg[3][11]/d,461,11
latched_branch_reg/clk,cpuregs_reg[3][10]/d,461,11
latched_branch_reg/clk,cpuregs_reg[3][9]/d,461,11
latched_branch_reg/clk,cpuregs_reg[3][8]/d,461,11
latched_branch_reg/clk,cpuregs_reg[3][7]/d,461,11
latched_branch_reg/clk,cpuregs_reg[3][6]/d,461,11
latched_branch_reg/clk,cpuregs_reg[3][5]/d,459,11
latched_branch_reg/clk,cpuregs_reg[3][4]/d,448,11
latched_branch_reg/clk,cpuregs_reg[3][3]/d,448,11
latched_branch_reg/clk,cpuregs_reg[3][2]/d,448,11
latched_branch_reg/clk,cpuregs_reg[3][1]/d,448,11
latched_branch_reg/clk,cpuregs_reg[3][0]/d,448,11
latched_branch_reg/clk,cpuregs_reg[2][31]/d,448,11
latched_branch_reg/clk,cpuregs_reg[2][30]/d,448,11
latched_branch_reg/clk,cpuregs_reg[2][29]/d,448,11
latched_branch_reg/clk,cpuregs_reg[2][28]/d,446,11
latched_branch_reg/clk,cpuregs_reg[2][27]/d,446,11
latched_branch_reg/clk,cpuregs_reg[2][26]/d,446,11
latched_branch_reg/clk,cpuregs_reg[2][25]/d,446,11
latched_branch_reg/clk,cpuregs_reg[2][24]/d,446,11
latched_branch_reg/clk,cpuregs_reg[2][23]/d,446,11
latched_branch_reg/clk,cpuregs_reg[2][22]/d,446,11
latched_branch_reg/clk,cpuregs_reg[2][21]/d,441,11
latched_branch_reg/clk,cpuregs_reg[2][20]/d,441,11
latched_branch_reg/clk,cpuregs_reg[2][19]/d,441,11
latched_branch_reg/clk,cpuregs_reg[2][18]/d,435,11
latched_branch_reg/clk,cpuregs_reg[2][17]/d,435,11
latched_branch_reg/clk,cpuregs_reg[2][16]/d,435,11
latched_branch_reg/clk,cpuregs_reg[2][15]/d,435,11
latched_branch_reg/clk,cpuregs_reg[2][14]/d,435,11
latched_branch_reg/clk,cpuregs_reg[2][13]/d,435,11
latched_branch_reg/clk,cpuregs_reg[2][12]/d,435,11
latched_branch_reg/clk,cpuregs_reg[2][11]/d,435,11
latched_branch_reg/clk,cpuregs_reg[2][10]/d,435,11
latched_branch_reg/clk,cpuregs_reg[2][9]/d,435,11
latched_branch_reg/clk,cpuregs_reg[2][8]/d,435,11
latched_branch_reg/clk,cpuregs_reg[2][7]/d,435,11
latched_branch_reg/clk,cpuregs_reg[2][6]/d,435,11
latched_branch_reg/clk,cpuregs_reg[2][5]/d,435,11
latched_branch_reg/clk,cpuregs_reg[2][4]/d,435,11
latched_branch_reg/clk,cpuregs_reg[2][3]/d,435,11
latched_branch_reg/clk,cpuregs_reg[2][2]/d,435,11
latched_branch_reg/clk,cpuregs_reg[2][1]/d,435,11
latched_branch_reg/clk,cpuregs_reg[2][0]/d,435,11
reg_pc_reg[4]/clk,cpuregs_reg[29][31]/d,435,11
reg_pc_reg[4]/clk,cpuregs_reg[29][30]/d,435,11
reg_pc_reg[4]/clk,cpuregs_reg[29][29]/d,435,11
reg_pc_reg[4]/clk,cpuregs_reg[29][28]/d,435,11
reg_pc_reg[4]/clk,cpuregs_reg[29][27]/d,435,11
reg_pc_reg[4]/clk,cpuregs_reg[29][26]/d,435,11
reg_pc_reg[4]/clk,cpuregs_reg[29][25]/d,435,11
reg_pc_reg[4]/clk,cpuregs_reg[29][24]/d,435,11
reg_pc_reg[4]/clk,cpuregs_reg[29][23]/d,435,11
reg_pc_reg[4]/clk,cpuregs_reg[29][22]/d,435,11
reg_pc_reg[4]/clk,cpuregs_reg[29][21]/d,435,11
reg_pc_reg[4]/clk,cpuregs_reg[29][20]/d,435,11
reg_pc_reg[4]/clk,cpuregs_reg[29][19]/d,435,11
reg_pc_reg[4]/clk,cpuregs_reg[29][18]/d,435,11
reg_pc_reg[4]/clk,cpuregs_reg[29][17]/d,435,11
reg_pc_reg[4]/clk,cpuregs_reg[28][31]/d,435,11
reg_pc_reg[4]/clk,cpuregs_reg[28][30]/d,435,11
reg_pc_reg[4]/clk,cpuregs_reg[28][29]/d,435,11
reg_pc_reg[4]/clk,cpuregs_reg[28][28]/d,435,11
reg_pc_reg[4]/clk,cpuregs_reg[28][27]/d,435,11
reg_pc_reg[4]/clk,cpuregs_reg[28][26]/d,435,11
reg_pc_reg[4]/clk,cpuregs_reg[28][25]/d,435,11
reg_pc_reg[4]/clk,cpuregs_reg[28][24]/d,435,11
reg_pc_reg[4]/clk,cpuregs_reg[28][23]/d,435,11
reg_pc_reg[4]/clk,cpuregs_reg[28][22]/d,435,11
reg_pc_reg[4]/clk,cpuregs_reg[28][21]/d,435,11
reg_pc_reg[4]/clk,cpuregs_reg[28][20]/d,435,11
reg_pc_reg[4]/clk,cpuregs_reg[28][19]/d,435,11
reg_pc_reg[4]/clk,cpuregs_reg[28][18]/d,435,11
reg_pc_reg[4]/clk,cpuregs_reg[28][17]/d,435,11
reg_pc_reg[4]/clk,cpuregs_reg[25][31]/d,435,11
reg_pc_reg[4]/clk,cpuregs_reg[25][30]/d,435,11
reg_pc_reg[4]/clk,cpuregs_reg[25][29]/d,435,11
reg_pc_reg[4]/clk,cpuregs_reg[25][28]/d,435,11
reg_pc_reg[4]/clk,cpuregs_reg[25][27]/d,435,11
reg_pc_reg[4]/clk,cpuregs_reg[25][26]/d,435,11
reg_pc_reg[4]/clk,cpuregs_reg[25][25]/d,435,11
reg_pc_reg[4]/clk,cpuregs_reg[25][24]/d,435,11
reg_pc_reg[4]/clk,cpuregs_reg[25][23]/d,435,11
reg_pc_reg[4]/clk,cpuregs_reg[25][22]/d,435,11
reg_pc_reg[4]/clk,cpuregs_reg[25][21]/d,435,11
reg_pc_reg[4]/clk,cpuregs_reg[25][20]/d,435,11
reg_pc_reg[4]/clk,cpuregs_reg[25][19]/d,435,11
reg_pc_reg[4]/clk,cpuregs_reg[25][18]/d,435,11
reg_pc_reg[4]/clk,cpuregs_reg[25][17]/d,435,11
reg_pc_reg[4]/clk,cpuregs_reg[24][31]/d,435,11
reg_pc_reg[4]/clk,cpuregs_reg[24][30]/d,435,11
reg_pc_reg[4]/clk,cpuregs_reg[24][29]/d,435,11
reg_pc_reg[4]/clk,cpuregs_reg[24][28]/d,435,11
reg_pc_reg[4]/clk,cpuregs_reg[24][27]/d,435,11
reg_pc_reg[4]/clk,cpuregs_reg[24][26]/d,435,11
reg_pc_reg[4]/clk,cpuregs_reg[24][25]/d,435,11
reg_pc_reg[4]/clk,cpuregs_reg[24][24]/d,435,11
reg_pc_reg[4]/clk,cpuregs_reg[24][23]/d,435,11
reg_pc_reg[4]/clk,cpuregs_reg[24][22]/d,435,11
reg_pc_reg[4]/clk,cpuregs_reg[24][21]/d,435,11
reg_pc_reg[4]/clk,cpuregs_reg[24][20]/d,435,11
reg_pc_reg[4]/clk,cpuregs_reg[24][19]/d,435,11
reg_pc_reg[4]/clk,cpuregs_reg[24][18]/d,435,11
reg_pc_reg[4]/clk,cpuregs_reg[24][17]/d,435,11
reg_pc_reg[4]/clk,cpuregs_reg[21][31]/d,435,11
reg_pc_reg[4]/clk,cpuregs_reg[21][30]/d,435,11
reg_pc_reg[4]/clk,cpuregs_reg[21][29]/d,435,11
reg_pc_reg[4]/clk,cpuregs_reg[21][28]/d,435,11
reg_pc_reg[4]/clk,cpuregs_reg[21][27]/d,435,11
reg_pc_reg[4]/clk,cpuregs_reg[21][26]/d,435,11
reg_pc_reg[4]/clk,cpuregs_reg[21][25]/d,435,11
reg_pc_reg[4]/clk,cpuregs_reg[21][24]/d,435,11
reg_pc_reg[4]/clk,cpuregs_reg[21][23]/d,435,11
reg_pc_reg[4]/clk,cpuregs_reg[21][22]/d,435,11
reg_pc_reg[4]/clk,cpuregs_reg[21][21]/d,435,11
reg_pc_reg[4]/clk,cpuregs_reg[21][20]/d,435,11
reg_pc_reg[4]/clk,cpuregs_reg[21][19]/d,435,11
reg_pc_reg[4]/clk,cpuregs_reg[21][18]/d,435,11
reg_pc_reg[4]/clk,cpuregs_reg[21][17]/d,435,11
reg_pc_reg[4]/clk,cpuregs_reg[20][31]/d,435,11
reg_pc_reg[4]/clk,cpuregs_reg[20][30]/d,435,11
reg_pc_reg[4]/clk,cpuregs_reg[20][29]/d,435,11
reg_pc_reg[4]/clk,cpuregs_reg[20][28]/d,435,11
reg_pc_reg[4]/clk,cpuregs_reg[20][27]/d,435,11
reg_pc_reg[4]/clk,cpuregs_reg[20][26]/d,435,11
reg_pc_reg[4]/clk,cpuregs_reg[20][25]/d,435,11
reg_pc_reg[4]/clk,cpuregs_reg[20][24]/d,435,11
reg_pc_reg[4]/clk,cpuregs_reg[20][23]/d,435,11
reg_pc_reg[4]/clk,cpuregs_reg[20][22]/d,435,11
reg_pc_reg[4]/clk,cpuregs_reg[20][21]/d,435,11
reg_pc_reg[4]/clk,cpuregs_reg[20][20]/d,435,11
reg_pc_reg[4]/clk,cpuregs_reg[20][19]/d,435,11
reg_pc_reg[4]/clk,cpuregs_reg[20][18]/d,435,11
reg_pc_reg[4]/clk,cpuregs_reg[20][17]/d,435,11
reg_pc_reg[4]/clk,cpuregs_reg[17][31]/d,435,11
reg_pc_reg[4]/clk,cpuregs_reg[17][30]/d,435,11
reg_pc_reg[4]/clk,cpuregs_reg[17][29]/d,435,11
reg_pc_reg[4]/clk,cpuregs_reg[17][28]/d,435,11
reg_pc_reg[4]/clk,cpuregs_reg[17][27]/d,435,11
reg_pc_reg[4]/clk,cpuregs_reg[17][26]/d,435,11
reg_pc_reg[4]/clk,cpuregs_reg[17][25]/d,435,11
reg_pc_reg[4]/clk,cpuregs_reg[17][24]/d,435,11
reg_pc_reg[4]/clk,cpuregs_reg[17][23]/d,435,11
reg_pc_reg[4]/clk,cpuregs_reg[17][22]/d,435,11
reg_pc_reg[4]/clk,cpuregs_reg[17][21]/d,435,11
reg_pc_reg[4]/clk,cpuregs_reg[17][20]/d,435,11
reg_pc_reg[4]/clk,cpuregs_reg[17][19]/d,435,11
reg_pc_reg[4]/clk,cpuregs_reg[17][18]/d,435,11
reg_pc_reg[4]/clk,cpuregs_reg[17][17]/d,435,11
reg_pc_reg[4]/clk,cpuregs_reg[16][31]/d,435,11
reg_pc_reg[4]/clk,cpuregs_reg[16][30]/d,435,11
reg_pc_reg[4]/clk,cpuregs_reg[16][29]/d,435,11
reg_pc_reg[4]/clk,cpuregs_reg[16][28]/d,435,11
reg_pc_reg[4]/clk,cpuregs_reg[16][27]/d,435,11
reg_pc_reg[4]/clk,cpuregs_reg[16][26]/d,435,11
reg_pc_reg[4]/clk,cpuregs_reg[16][25]/d,435,11
reg_pc_reg[4]/clk,cpuregs_reg[16][24]/d,435,11
reg_pc_reg[4]/clk,cpuregs_reg[16][23]/d,435,11
reg_pc_reg[4]/clk,cpuregs_reg[16][22]/d,435,11
reg_pc_reg[4]/clk,cpuregs_reg[16][21]/d,435,11
reg_pc_reg[4]/clk,cpuregs_reg[16][20]/d,435,11
reg_pc_reg[4]/clk,cpuregs_reg[16][19]/d,435,11
reg_pc_reg[4]/clk,cpuregs_reg[16][18]/d,435,11
reg_pc_reg[4]/clk,cpuregs_reg[16][17]/d,435,11
reg_pc_reg[4]/clk,cpuregs_reg[1][31]/d,435,11
reg_pc_reg[4]/clk,cpuregs_reg[1][30]/d,435,11
reg_pc_reg[4]/clk,cpuregs_reg[1][29]/d,435,11
reg_pc_reg[4]/clk,cpuregs_reg[1][28]/d,435,11
reg_pc_reg[4]/clk,cpuregs_reg[1][27]/d,435,11
reg_pc_reg[4]/clk,cpuregs_reg[1][26]/d,435,11
reg_pc_reg[4]/clk,cpuregs_reg[1][25]/d,435,11
reg_pc_reg[4]/clk,cpuregs_reg[1][24]/d,435,11
reg_pc_reg[4]/clk,cpuregs_reg[1][23]/d,435,11
reg_pc_reg[4]/clk,cpuregs_reg[1][22]/d,435,11
reg_pc_reg[4]/clk,cpuregs_reg[1][21]/d,435,11
reg_pc_reg[4]/clk,cpuregs_reg[1][20]/d,435,11
reg_pc_reg[4]/clk,cpuregs_reg[1][19]/d,435,11
reg_pc_reg[4]/clk,cpuregs_reg[1][18]/d,435,11
reg_pc_reg[4]/clk,cpuregs_reg[1][17]/d,435,11
latched_branch_reg/clk,reg_next_pc_reg[4]/d,435,11
mem_wordsize_reg[1]/clk,cpu_state_reg[2]/d,435,11
mem_wordsize_reg[1]/clk,cpu_state_reg[1]/d,435,11
decoded_imm_j_reg[1]/clk,reg_sh_reg[4]/d,435,11
decoded_imm_j_reg[1]/clk,reg_sh_reg[3]/d,435,11
decoded_imm_j_reg[1]/clk,reg_sh_reg[2]/d,435,11
decoded_imm_j_reg[1]/clk,reg_sh_reg[1]/d,435,11
decoded_imm_j_reg[1]/clk,reg_sh_reg[0]/d,435,11
reg_pc_reg[2]/clk,reg_out_reg[6]/d,435,11
reg_pc_reg[2]/clk,reg_out_reg[7]/d,435,11
reg_pc_reg[2]/clk,reg_out_reg[5]/d,435,11
latched_branch_reg/clk,cpuregs_reg[31][31]/d,435,10
latched_branch_reg/clk,cpuregs_reg[31][30]/d,435,10
latched_branch_reg/clk,cpuregs_reg[31][29]/d,435,10
latched_branch_reg/clk,cpuregs_reg[31][28]/d,435,10
latched_branch_reg/clk,cpuregs_reg[31][27]/d,435,10
latched_branch_reg/clk,cpuregs_reg[31][26]/d,435,10
latched_branch_reg/clk,cpuregs_reg[31][25]/d,435,10
latched_branch_reg/clk,cpuregs_reg[31][24]/d,435,10
latched_branch_reg/clk,cpuregs_reg[31][23]/d,435,10
latched_branch_reg/clk,cpuregs_reg[31][22]/d,435,10
latched_branch_reg/clk,cpuregs_reg[31][21]/d,435,10
latched_branch_reg/clk,cpuregs_reg[31][20]/d,435,10
latched_branch_reg/clk,cpuregs_reg[31][19]/d,435,10
latched_branch_reg/clk,cpuregs_reg[31][18]/d,435,10
latched_branch_reg/clk,cpuregs_reg[31][17]/d,435,10
latched_branch_reg/clk,cpuregs_reg[31][16]/d,435,10
latched_branch_reg/clk,cpuregs_reg[31][15]/d,435,10
latched_branch_reg/clk,cpuregs_reg[31][14]/d,435,10
latched_branch_reg/clk,cpuregs_reg[31][13]/d,435,10
latched_branch_reg/clk,cpuregs_reg[31][12]/d,435,10
latched_branch_reg/clk,cpuregs_reg[31][11]/d,435,10
latched_branch_reg/clk,cpuregs_reg[31][10]/d,435,10
latched_branch_reg/clk,cpuregs_reg[31][9]/d,435,10
latched_branch_reg/clk,cpuregs_reg[31][8]/d,435,10
latched_branch_reg/clk,cpuregs_reg[31][7]/d,435,10
latched_branch_reg/clk,cpuregs_reg[31][6]/d,435,10
latched_branch_reg/clk,cpuregs_reg[31][5]/d,435,10
latched_branch_reg/clk,cpuregs_reg[31][4]/d,435,10
latched_branch_reg/clk,cpuregs_reg[31][3]/d,435,10
latched_branch_reg/clk,cpuregs_reg[31][2]/d,435,10
latched_branch_reg/clk,cpuregs_reg[31][1]/d,435,10
latched_branch_reg/clk,cpuregs_reg[31][0]/d,435,10
latched_branch_reg/clk,cpuregs_reg[30][31]/d,435,10
latched_branch_reg/clk,cpuregs_reg[30][30]/d,435,10
latched_branch_reg/clk,cpuregs_reg[30][29]/d,435,10
latched_branch_reg/clk,cpuregs_reg[30][28]/d,435,10
latched_branch_reg/clk,cpuregs_reg[30][27]/d,435,10
latched_branch_reg/clk,cpuregs_reg[30][26]/d,435,10
latched_branch_reg/clk,cpuregs_reg[30][25]/d,435,10
latched_branch_reg/clk,cpuregs_reg[30][24]/d,435,10
latched_branch_reg/clk,cpuregs_reg[30][23]/d,435,10
latched_branch_reg/clk,cpuregs_reg[30][22]/d,435,10
latched_branch_reg/clk,cpuregs_reg[30][21]/d,435,10
latched_branch_reg/clk,cpuregs_reg[30][20]/d,435,10
latched_branch_reg/clk,cpuregs_reg[30][19]/d,435,10
latched_branch_reg/clk,cpuregs_reg[30][18]/d,435,10
latched_branch_reg/clk,cpuregs_reg[30][17]/d,435,10
latched_branch_reg/clk,cpuregs_reg[30][16]/d,435,10
latched_branch_reg/clk,cpuregs_reg[30][15]/d,435,10
latched_branch_reg/clk,cpuregs_reg[30][14]/d,435,10
latched_branch_reg/clk,cpuregs_reg[30][13]/d,435,10
latched_branch_reg/clk,cpuregs_reg[30][12]/d,435,10
latched_branch_reg/clk,cpuregs_reg[30][11]/d,435,10
latched_branch_reg/clk,cpuregs_reg[30][10]/d,435,10
latched_branch_reg/clk,cpuregs_reg[30][9]/d,435,10
latched_branch_reg/clk,cpuregs_reg[30][8]/d,435,10
latched_branch_reg/clk,cpuregs_reg[30][7]/d,435,10
latched_branch_reg/clk,cpuregs_reg[30][6]/d,435,10
latched_branch_reg/clk,cpuregs_reg[30][5]/d,435,10
latched_branch_reg/clk,cpuregs_reg[30][4]/d,435,10
latched_branch_reg/clk,cpuregs_reg[30][3]/d,435,10
latched_branch_reg/clk,cpuregs_reg[30][2]/d,435,10
latched_branch_reg/clk,cpuregs_reg[30][1]/d,435,10
latched_branch_reg/clk,cpuregs_reg[30][0]/d,435,10
latched_branch_reg/clk,cpuregs_reg[27][31]/d,435,10
latched_branch_reg/clk,cpuregs_reg[27][30]/d,435,10
latched_branch_reg/clk,cpuregs_reg[27][29]/d,435,10
latched_branch_reg/clk,cpuregs_reg[27][28]/d,435,10
latched_branch_reg/clk,cpuregs_reg[27][27]/d,435,10
latched_branch_reg/clk,cpuregs_reg[27][26]/d,435,10
latched_branch_reg/clk,cpuregs_reg[27][25]/d,435,10
latched_branch_reg/clk,cpuregs_reg[27][24]/d,435,10
latched_branch_reg/clk,cpuregs_reg[27][23]/d,435,10
latched_branch_reg/clk,cpuregs_reg[27][22]/d,435,10
latched_branch_reg/clk,cpuregs_reg[27][21]/d,435,10
latched_branch_reg/clk,cpuregs_reg[27][20]/d,435,10
latched_branch_reg/clk,cpuregs_reg[27][19]/d,435,10
latched_branch_reg/clk,cpuregs_reg[27][18]/d,435,10
latched_branch_reg/clk,cpuregs_reg[27][17]/d,435,10
latched_branch_reg/clk,cpuregs_reg[27][16]/d,435,10
latched_branch_reg/clk,cpuregs_reg[27][15]/d,435,10
latched_branch_reg/clk,cpuregs_reg[27][14]/d,435,10
latched_branch_reg/clk,cpuregs_reg[27][13]/d,435,10
latched_branch_reg/clk,cpuregs_reg[27][12]/d,435,10
latched_branch_reg/clk,cpuregs_reg[27][11]/d,435,10
latched_branch_reg/clk,cpuregs_reg[27][10]/d,435,10
latched_branch_reg/clk,cpuregs_reg[27][9]/d,435,10
latched_branch_reg/clk,cpuregs_reg[27][8]/d,435,10
latched_branch_reg/clk,cpuregs_reg[27][7]/d,435,10
latched_branch_reg/clk,cpuregs_reg[27][6]/d,435,10
latched_branch_reg/clk,cpuregs_reg[27][5]/d,435,10
latched_branch_reg/clk,cpuregs_reg[27][4]/d,430,10
latched_branch_reg/clk,cpuregs_reg[27][3]/d,430,10
latched_branch_reg/clk,cpuregs_reg[27][2]/d,430,10
latched_branch_reg/clk,cpuregs_reg[27][1]/d,430,10
latched_branch_reg/clk,cpuregs_reg[27][0]/d,430,10
latched_branch_reg/clk,cpuregs_reg[26][31]/d,430,10
latched_branch_reg/clk,cpuregs_reg[26][30]/d,430,10
latched_branch_reg/clk,cpuregs_reg[26][29]/d,430,10
latched_branch_reg/clk,cpuregs_reg[26][28]/d,430,10
latched_branch_reg/clk,cpuregs_reg[26][27]/d,430,10
latched_branch_reg/clk,cpuregs_reg[26][26]/d,430,10
latched_branch_reg/clk,cpuregs_reg[26][25]/d,430,10
latched_branch_reg/clk,cpuregs_reg[26][24]/d,430,10
latched_branch_reg/clk,cpuregs_reg[26][23]/d,430,10
latched_branch_reg/clk,cpuregs_reg[26][22]/d,430,10
latched_branch_reg/clk,cpuregs_reg[26][21]/d,430,10
latched_branch_reg/clk,cpuregs_reg[26][20]/d,430,10
latched_branch_reg/clk,cpuregs_reg[26][19]/d,430,10
latched_branch_reg/clk,cpuregs_reg[26][18]/d,430,10
latched_branch_reg/clk,cpuregs_reg[26][17]/d,430,10
latched_branch_reg/clk,cpuregs_reg[26][16]/d,430,10
latched_branch_reg/clk,cpuregs_reg[26][15]/d,430,10
latched_branch_reg/clk,cpuregs_reg[26][14]/d,430,10
latched_branch_reg/clk,cpuregs_reg[26][13]/d,430,10
latched_branch_reg/clk,cpuregs_reg[26][12]/d,430,10
latched_branch_reg/clk,cpuregs_reg[26][11]/d,430,10
latched_branch_reg/clk,cpuregs_reg[26][10]/d,430,10
latched_branch_reg/clk,cpuregs_reg[26][9]/d,430,10
latched_branch_reg/clk,cpuregs_reg[26][8]/d,430,10
latched_branch_reg/clk,cpuregs_reg[26][7]/d,430,10
latched_branch_reg/clk,cpuregs_reg[26][6]/d,430,10
latched_branch_reg/clk,cpuregs_reg[26][5]/d,430,10
latched_branch_reg/clk,cpuregs_reg[26][4]/d,430,10
latched_branch_reg/clk,cpuregs_reg[26][3]/d,430,10
latched_branch_reg/clk,cpuregs_reg[26][2]/d,430,10
latched_branch_reg/clk,cpuregs_reg[26][1]/d,430,10
latched_branch_reg/clk,cpuregs_reg[26][0]/d,430,10
latched_branch_reg/clk,cpuregs_reg[23][31]/d,430,10
latched_branch_reg/clk,cpuregs_reg[23][30]/d,430,10
latched_branch_reg/clk,cpuregs_reg[23][29]/d,430,10
latched_branch_reg/clk,cpuregs_reg[23][28]/d,430,10
latched_branch_reg/clk,cpuregs_reg[23][27]/d,430,10
latched_branch_reg/clk,cpuregs_reg[23][26]/d,430,10
latched_branch_reg/clk,cpuregs_reg[23][25]/d,430,10
latched_branch_reg/clk,cpuregs_reg[23][24]/d,430,10
latched_branch_reg/clk,cpuregs_reg[23][23]/d,430,10
latched_branch_reg/clk,cpuregs_reg[23][22]/d,430,10
latched_branch_reg/clk,cpuregs_reg[23][21]/d,430,10
latched_branch_reg/clk,cpuregs_reg[23][20]/d,430,10
latched_branch_reg/clk,cpuregs_reg[23][19]/d,430,10
latched_branch_reg/clk,cpuregs_reg[23][18]/d,430,10
latched_branch_reg/clk,cpuregs_reg[23][17]/d,430,10
latched_branch_reg/clk,cpuregs_reg[23][16]/d,430,10
latched_branch_reg/clk,cpuregs_reg[23][15]/d,430,10
latched_branch_reg/clk,cpuregs_reg[23][14]/d,430,10
latched_branch_reg/clk,cpuregs_reg[23][13]/d,430,10
latched_branch_reg/clk,cpuregs_reg[23][12]/d,430,10
latched_branch_reg/clk,cpuregs_reg[23][11]/d,430,10
latched_branch_reg/clk,cpuregs_reg[23][10]/d,430,10
latched_branch_reg/clk,cpuregs_reg[23][9]/d,430,10
latched_branch_reg/clk,cpuregs_reg[23][8]/d,430,10
latched_branch_reg/clk,cpuregs_reg[23][7]/d,430,10
latched_branch_reg/clk,cpuregs_reg[23][6]/d,430,10
latched_branch_reg/clk,cpuregs_reg[23][5]/d,430,10
latched_branch_reg/clk,cpuregs_reg[23][4]/d,430,10
latched_branch_reg/clk,cpuregs_reg[23][3]/d,430,10
latched_branch_reg/clk,cpuregs_reg[23][2]/d,430,10
latched_branch_reg/clk,cpuregs_reg[23][1]/d,430,10
latched_branch_reg/clk,cpuregs_reg[23][0]/d,430,10
latched_branch_reg/clk,cpuregs_reg[22][31]/d,430,10
latched_branch_reg/clk,cpuregs_reg[22][30]/d,430,10
latched_branch_reg/clk,cpuregs_reg[22][29]/d,430,10
latched_branch_reg/clk,cpuregs_reg[22][28]/d,430,10
latched_branch_reg/clk,cpuregs_reg[22][27]/d,430,10
latched_branch_reg/clk,cpuregs_reg[22][26]/d,430,10
latched_branch_reg/clk,cpuregs_reg[22][25]/d,430,10
latched_branch_reg/clk,cpuregs_reg[22][24]/d,430,10
latched_branch_reg/clk,cpuregs_reg[22][23]/d,430,10
latched_branch_reg/clk,cpuregs_reg[22][22]/d,430,10
latched_branch_reg/clk,cpuregs_reg[22][21]/d,430,10
latched_branch_reg/clk,cpuregs_reg[22][20]/d,430,10
latched_branch_reg/clk,cpuregs_reg[22][19]/d,430,10
latched_branch_reg/clk,cpuregs_reg[22][18]/d,430,10
latched_branch_reg/clk,cpuregs_reg[22][17]/d,430,10
latched_branch_reg/clk,cpuregs_reg[22][16]/d,430,10
latched_branch_reg/clk,cpuregs_reg[22][15]/d,430,10
latched_branch_reg/clk,cpuregs_reg[22][14]/d,430,10
latched_branch_reg/clk,cpuregs_reg[22][13]/d,430,10
latched_branch_reg/clk,cpuregs_reg[22][12]/d,430,10
latched_branch_reg/clk,cpuregs_reg[22][11]/d,430,10
latched_branch_reg/clk,cpuregs_reg[22][10]/d,430,10
latched_branch_reg/clk,cpuregs_reg[22][9]/d,430,10
latched_branch_reg/clk,cpuregs_reg[22][8]/d,430,10
latched_branch_reg/clk,cpuregs_reg[22][7]/d,430,10
latched_branch_reg/clk,cpuregs_reg[22][6]/d,430,10
latched_branch_reg/clk,cpuregs_reg[22][5]/d,430,10
latched_branch_reg/clk,cpuregs_reg[22][4]/d,430,10
latched_branch_reg/clk,cpuregs_reg[22][3]/d,430,10
latched_branch_reg/clk,cpuregs_reg[22][2]/d,430,10
latched_branch_reg/clk,cpuregs_reg[22][1]/d,430,10
latched_branch_reg/clk,cpuregs_reg[22][0]/d,430,10
latched_branch_reg/clk,cpuregs_reg[19][31]/d,430,10
latched_branch_reg/clk,cpuregs_reg[19][30]/d,430,10
latched_branch_reg/clk,cpuregs_reg[19][29]/d,430,10
latched_branch_reg/clk,cpuregs_reg[19][28]/d,430,10
latched_branch_reg/clk,cpuregs_reg[19][27]/d,430,10
latched_branch_reg/clk,cpuregs_reg[19][26]/d,430,10
latched_branch_reg/clk,cpuregs_reg[19][25]/d,430,10
latched_branch_reg/clk,cpuregs_reg[19][24]/d,430,10
latched_branch_reg/clk,cpuregs_reg[19][23]/d,430,10
latched_branch_reg/clk,cpuregs_reg[19][22]/d,430,10
latched_branch_reg/clk,cpuregs_reg[19][21]/d,430,10
latched_branch_reg/clk,cpuregs_reg[19][20]/d,430,10
latched_branch_reg/clk,cpuregs_reg[19][19]/d,430,10
latched_branch_reg/clk,cpuregs_reg[19][18]/d,430,10
latched_branch_reg/clk,cpuregs_reg[19][17]/d,430,10
latched_branch_reg/clk,cpuregs_reg[19][16]/d,430,10
latched_branch_reg/clk,cpuregs_reg[19][15]/d,430,10
latched_branch_reg/clk,cpuregs_reg[19][14]/d,430,10
latched_branch_reg/clk,cpuregs_reg[19][13]/d,430,10
latched_branch_reg/clk,cpuregs_reg[19][12]/d,430,10
latched_branch_reg/clk,cpuregs_reg[19][11]/d,430,10
latched_branch_reg/clk,cpuregs_reg[19][10]/d,430,10
latched_branch_reg/clk,cpuregs_reg[19][9]/d,430,10
latched_branch_reg/clk,cpuregs_reg[19][8]/d,430,10
latched_branch_reg/clk,cpuregs_reg[19][7]/d,430,10
latched_branch_reg/clk,cpuregs_reg[19][6]/d,430,10
latched_branch_reg/clk,cpuregs_reg[19][5]/d,430,10
latched_branch_reg/clk,cpuregs_reg[19][4]/d,430,10
latched_branch_reg/clk,cpuregs_reg[19][3]/d,430,10
latched_branch_reg/clk,cpuregs_reg[19][2]/d,430,10
latched_branch_reg/clk,cpuregs_reg[19][1]/d,430,10
latched_branch_reg/clk,cpuregs_reg[19][0]/d,430,10
latched_branch_reg/clk,cpuregs_reg[18][31]/d,430,10
latched_branch_reg/clk,cpuregs_reg[18][30]/d,430,10
latched_branch_reg/clk,cpuregs_reg[18][29]/d,430,10
latched_branch_reg/clk,cpuregs_reg[18][28]/d,430,10
latched_branch_reg/clk,cpuregs_reg[18][27]/d,430,10
latched_branch_reg/clk,cpuregs_reg[18][26]/d,430,10
latched_branch_reg/clk,cpuregs_reg[18][25]/d,430,10
latched_branch_reg/clk,cpuregs_reg[18][24]/d,430,10
latched_branch_reg/clk,cpuregs_reg[18][23]/d,430,10
latched_branch_reg/clk,cpuregs_reg[18][22]/d,430,10
latched_branch_reg/clk,cpuregs_reg[18][21]/d,430,10
latched_branch_reg/clk,cpuregs_reg[18][20]/d,430,10
latched_branch_reg/clk,cpuregs_reg[18][19]/d,430,10
latched_branch_reg/clk,cpuregs_reg[18][18]/d,430,10
latched_branch_reg/clk,cpuregs_reg[18][17]/d,430,10
latched_branch_reg/clk,cpuregs_reg[18][16]/d,430,10
latched_branch_reg/clk,cpuregs_reg[18][15]/d,430,10
latched_branch_reg/clk,cpuregs_reg[18][14]/d,430,10
latched_branch_reg/clk,cpuregs_reg[18][13]/d,430,10
latched_branch_reg/clk,cpuregs_reg[18][12]/d,430,10
latched_branch_reg/clk,cpuregs_reg[18][11]/d,430,10
latched_branch_reg/clk,cpuregs_reg[18][10]/d,430,10
latched_branch_reg/clk,cpuregs_reg[18][9]/d,430,10
latched_branch_reg/clk,cpuregs_reg[18][8]/d,430,10
latched_branch_reg/clk,cpuregs_reg[18][7]/d,430,10
latched_branch_reg/clk,cpuregs_reg[18][6]/d,430,10
latched_branch_reg/clk,cpuregs_reg[18][5]/d,430,10
latched_branch_reg/clk,cpuregs_reg[18][4]/d,430,10
latched_branch_reg/clk,cpuregs_reg[18][3]/d,430,10
latched_branch_reg/clk,cpuregs_reg[18][2]/d,430,10
latched_branch_reg/clk,cpuregs_reg[18][1]/d,430,10
latched_branch_reg/clk,cpuregs_reg[18][0]/d,430,10
latched_branch_reg/clk,cpuregs_reg[13][31]/d,430,10
latched_branch_reg/clk,cpuregs_reg[13][30]/d,430,10
latched_branch_reg/clk,cpuregs_reg[13][29]/d,430,10
latched_branch_reg/clk,cpuregs_reg[13][28]/d,430,10
latched_branch_reg/clk,cpuregs_reg[13][27]/d,430,10
latched_branch_reg/clk,cpuregs_reg[13][26]/d,430,10
latched_branch_reg/clk,cpuregs_reg[13][25]/d,430,10
latched_branch_reg/clk,cpuregs_reg[13][24]/d,430,10
latched_branch_reg/clk,cpuregs_reg[13][23]/d,430,10
latched_branch_reg/clk,cpuregs_reg[13][22]/d,430,10
latched_branch_reg/clk,cpuregs_reg[13][21]/d,430,10
latched_branch_reg/clk,cpuregs_reg[13][20]/d,430,10
latched_branch_reg/clk,cpuregs_reg[13][19]/d,430,10
latched_branch_reg/clk,cpuregs_reg[13][18]/d,430,10
latched_branch_reg/clk,cpuregs_reg[13][17]/d,430,10
latched_branch_reg/clk,cpuregs_reg[13][16]/d,430,10
latched_branch_reg/clk,cpuregs_reg[13][15]/d,430,10
latched_branch_reg/clk,cpuregs_reg[13][14]/d,430,10
latched_branch_reg/clk,cpuregs_reg[13][13]/d,430,10
latched_branch_reg/clk,cpuregs_reg[13][12]/d,430,10
latched_branch_reg/clk,cpuregs_reg[13][11]/d,430,10
latched_branch_reg/clk,cpuregs_reg[13][10]/d,430,10
latched_branch_reg/clk,cpuregs_reg[13][9]/d,430,10
latched_branch_reg/clk,cpuregs_reg[13][8]/d,430,10
latched_branch_reg/clk,cpuregs_reg[13][7]/d,430,10
latched_branch_reg/clk,cpuregs_reg[13][6]/d,430,10
latched_branch_reg/clk,cpuregs_reg[13][5]/d,430,10
latched_branch_reg/clk,cpuregs_reg[13][4]/d,374,10
latched_branch_reg/clk,cpuregs_reg[13][3]/d,374,10
latched_branch_reg/clk,cpuregs_reg[13][2]/d,374,10
latched_branch_reg/clk,cpuregs_reg[13][1]/d,374,10
latched_branch_reg/clk,cpuregs_reg[13][0]/d,374,10
latched_branch_reg/clk,cpuregs_reg[12][31]/d,374,10
latched_branch_reg/clk,cpuregs_reg[12][30]/d,374,10
latched_branch_reg/clk,cpuregs_reg[12][29]/d,374,10
latched_branch_reg/clk,cpuregs_reg[12][28]/d,374,10
latched_branch_reg/clk,cpuregs_reg[12][27]/d,374,10
latched_branch_reg/clk,cpuregs_reg[12][26]/d,374,10
latched_branch_reg/clk,cpuregs_reg[12][25]/d,374,10
latched_branch_reg/clk,cpuregs_reg[12][24]/d,374,10
latched_branch_reg/clk,cpuregs_reg[12][23]/d,374,10
latched_branch_reg/clk,cpuregs_reg[12][22]/d,374,10
latched_branch_reg/clk,cpuregs_reg[12][21]/d,374,10
latched_branch_reg/clk,cpuregs_reg[12][20]/d,374,10
latched_branch_reg/clk,cpuregs_reg[12][19]/d,374,10
latched_branch_reg/clk,cpuregs_reg[12][18]/d,374,10
latched_branch_reg/clk,cpuregs_reg[12][17]/d,374,10
latched_branch_reg/clk,cpuregs_reg[12][16]/d,374,10
latched_branch_reg/clk,cpuregs_reg[12][15]/d,374,10
latched_branch_reg/clk,cpuregs_reg[12][14]/d,374,10
latched_branch_reg/clk,cpuregs_reg[12][13]/d,374,10
latched_branch_reg/clk,cpuregs_reg[12][12]/d,374,10
latched_branch_reg/clk,cpuregs_reg[12][11]/d,374,10
latched_branch_reg/clk,cpuregs_reg[12][10]/d,374,10
latched_branch_reg/clk,cpuregs_reg[12][9]/d,374,10
latched_branch_reg/clk,cpuregs_reg[12][8]/d,374,10
latched_branch_reg/clk,cpuregs_reg[12][7]/d,374,10
latched_branch_reg/clk,cpuregs_reg[12][6]/d,374,10
latched_branch_reg/clk,cpuregs_reg[12][5]/d,413,10
latched_branch_reg/clk,cpuregs_reg[12][4]/d,411,10
latched_branch_reg/clk,cpuregs_reg[12][3]/d,408,10
latched_branch_reg/clk,cpuregs_reg[12][2]/d,408,10
latched_branch_reg/clk,cpuregs_reg[12][1]/d,408,10
latched_branch_reg/clk,cpuregs_reg[12][0]/d,408,10
latched_branch_reg/clk,cpuregs_reg[9][31]/d,408,10
latched_branch_reg/clk,cpuregs_reg[9][30]/d,408,10
latched_branch_reg/clk,cpuregs_reg[9][29]/d,408,10
latched_branch_reg/clk,cpuregs_reg[9][28]/d,408,10
latched_branch_reg/clk,cpuregs_reg[9][27]/d,408,10
latched_branch_reg/clk,cpuregs_reg[9][26]/d,408,10
latched_branch_reg/clk,cpuregs_reg[9][25]/d,408,10
latched_branch_reg/clk,cpuregs_reg[9][24]/d,408,10
latched_branch_reg/clk,cpuregs_reg[9][23]/d,408,10
latched_branch_reg/clk,cpuregs_reg[9][22]/d,408,10
latched_branch_reg/clk,cpuregs_reg[9][21]/d,408,10
latched_branch_reg/clk,cpuregs_reg[9][20]/d,408,10
latched_branch_reg/clk,cpuregs_reg[9][19]/d,408,10
latched_branch_reg/clk,cpuregs_reg[9][18]/d,408,10
latched_branch_reg/clk,cpuregs_reg[9][17]/d,408,10
latched_branch_reg/clk,cpuregs_reg[9][16]/d,408,10
latched_branch_reg/clk,cpuregs_reg[9][15]/d,408,10
latched_branch_reg/clk,cpuregs_reg[9][14]/d,408,10
latched_branch_reg/clk,cpuregs_reg[9][13]/d,408,10
latched_branch_reg/clk,cpuregs_reg[9][12]/d,408,10
latched_branch_reg/clk,cpuregs_reg[9][11]/d,408,10
latched_branch_reg/clk,cpuregs_reg[9][10]/d,408,10
latched_branch_reg/clk,cpuregs_reg[9][9]/d,408,10
latched_branch_reg/clk,cpuregs_reg[9][8]/d,408,10
latched_branch_reg/clk,cpuregs_reg[9][7]/d,408,10
latched_branch_reg/clk,cpuregs_reg[9][6]/d,408,10
latched_branch_reg/clk,cpuregs_reg[9][5]/d,408,10
latched_branch_reg/clk,cpuregs_reg[9][4]/d,408,10
latched_branch_reg/clk,cpuregs_reg[9][3]/d,408,10
latched_branch_reg/clk,cpuregs_reg[9][2]/d,408,10
latched_branch_reg/clk,cpuregs_reg[9][1]/d,408,10
latched_branch_reg/clk,cpuregs_reg[9][0]/d,408,10
latched_branch_reg/clk,cpuregs_reg[8][31]/d,408,10
latched_branch_reg/clk,cpuregs_reg[8][30]/d,408,10
latched_branch_reg/clk,cpuregs_reg[8][29]/d,408,10
latched_branch_reg/clk,cpuregs_reg[8][28]/d,408,10
latched_branch_reg/clk,cpuregs_reg[8][27]/d,408,10
latched_branch_reg/clk,cpuregs_reg[8][26]/d,408,10
latched_branch_reg/clk,cpuregs_reg[8][25]/d,408,10
latched_branch_reg/clk,cpuregs_reg[8][24]/d,408,10
latched_branch_reg/clk,cpuregs_reg[8][23]/d,408,10
latched_branch_reg/clk,cpuregs_reg[8][22]/d,408,10
latched_branch_reg/clk,cpuregs_reg[8][21]/d,408,10
latched_branch_reg/clk,cpuregs_reg[8][20]/d,408,10
latched_branch_reg/clk,cpuregs_reg[8][19]/d,408,10
latched_branch_reg/clk,cpuregs_reg[8][18]/d,408,10
latched_branch_reg/clk,cpuregs_reg[8][17]/d,408,10
latched_branch_reg/clk,cpuregs_reg[8][16]/d,408,10
latched_branch_reg/clk,cpuregs_reg[8][15]/d,408,10
latched_branch_reg/clk,cpuregs_reg[8][14]/d,408,10
latched_branch_reg/clk,cpuregs_reg[8][13]/d,408,10
latched_branch_reg/clk,cpuregs_reg[8][12]/d,408,10
latched_branch_reg/clk,cpuregs_reg[8][11]/d,408,10
latched_branch_reg/clk,cpuregs_reg[8][10]/d,408,10
latched_branch_reg/clk,cpuregs_reg[8][9]/d,408,10
latched_branch_reg/clk,cpuregs_reg[8][8]/d,408,10
latched_branch_reg/clk,cpuregs_reg[8][7]/d,408,10
latched_branch_reg/clk,cpuregs_reg[8][6]/d,408,10
latched_branch_reg/clk,cpuregs_reg[8][5]/d,408,10
latched_branch_reg/clk,cpuregs_reg[8][4]/d,408,10
latched_branch_reg/clk,cpuregs_reg[8][3]/d,408,10
latched_branch_reg/clk,cpuregs_reg[8][2]/d,408,10
latched_branch_reg/clk,cpuregs_reg[8][1]/d,408,10
latched_branch_reg/clk,cpuregs_reg[8][0]/d,408,10
latched_branch_reg/clk,cpuregs_reg[5][31]/d,408,10
latched_branch_reg/clk,cpuregs_reg[5][30]/d,408,10
latched_branch_reg/clk,cpuregs_reg[5][29]/d,408,10
latched_branch_reg/clk,cpuregs_reg[5][28]/d,408,10
latched_branch_reg/clk,cpuregs_reg[5][27]/d,408,10
latched_branch_reg/clk,cpuregs_reg[5][26]/d,408,10
latched_branch_reg/clk,cpuregs_reg[5][25]/d,408,10
latched_branch_reg/clk,cpuregs_reg[5][24]/d,408,10
latched_branch_reg/clk,cpuregs_reg[5][23]/d,408,10
latched_branch_reg/clk,cpuregs_reg[5][22]/d,408,10
latched_branch_reg/clk,cpuregs_reg[5][21]/d,408,10
latched_branch_reg/clk,cpuregs_reg[5][20]/d,408,10
latched_branch_reg/clk,cpuregs_reg[5][19]/d,408,10
latched_branch_reg/clk,cpuregs_reg[5][18]/d,408,10
latched_branch_reg/clk,cpuregs_reg[5][17]/d,408,10
latched_branch_reg/clk,cpuregs_reg[5][16]/d,408,10
latched_branch_reg/clk,cpuregs_reg[5][15]/d,408,10
latched_branch_reg/clk,cpuregs_reg[5][14]/d,408,10
latched_branch_reg/clk,cpuregs_reg[5][13]/d,408,10
latched_branch_reg/clk,cpuregs_reg[5][12]/d,408,10
latched_branch_reg/clk,cpuregs_reg[5][11]/d,408,10
latched_branch_reg/clk,cpuregs_reg[5][10]/d,408,10
latched_branch_reg/clk,cpuregs_reg[5][9]/d,408,10
latched_branch_reg/clk,cpuregs_reg[5][8]/d,408,10
latched_branch_reg/clk,cpuregs_reg[5][7]/d,408,10
latched_branch_reg/clk,cpuregs_reg[5][6]/d,408,10
latched_branch_reg/clk,cpuregs_reg[5][5]/d,408,10
latched_branch_reg/clk,cpuregs_reg[5][4]/d,408,10
latched_branch_reg/clk,cpuregs_reg[5][3]/d,408,10
latched_branch_reg/clk,cpuregs_reg[5][2]/d,408,10
latched_branch_reg/clk,cpuregs_reg[5][1]/d,408,10
latched_branch_reg/clk,cpuregs_reg[5][0]/d,408,10
latched_branch_reg/clk,cpuregs_reg[4][31]/d,408,10
latched_branch_reg/clk,cpuregs_reg[4][30]/d,408,10
latched_branch_reg/clk,cpuregs_reg[4][29]/d,408,10
latched_branch_reg/clk,cpuregs_reg[4][28]/d,408,10
latched_branch_reg/clk,cpuregs_reg[4][27]/d,408,10
latched_branch_reg/clk,cpuregs_reg[4][26]/d,408,10
latched_branch_reg/clk,cpuregs_reg[4][25]/d,408,10
latched_branch_reg/clk,cpuregs_reg[4][24]/d,408,10
latched_branch_reg/clk,cpuregs_reg[4][23]/d,408,10
latched_branch_reg/clk,cpuregs_reg[4][22]/d,408,10
latched_branch_reg/clk,cpuregs_reg[4][21]/d,408,10
latched_branch_reg/clk,cpuregs_reg[4][20]/d,408,10
latched_branch_reg/clk,cpuregs_reg[4][19]/d,408,10
latched_branch_reg/clk,cpuregs_reg[4][18]/d,408,10
latched_branch_reg/clk,cpuregs_reg[4][17]/d,408,10
latched_branch_reg/clk,cpuregs_reg[4][16]/d,408,10
latched_branch_reg/clk,cpuregs_reg[4][15]/d,408,10
latched_branch_reg/clk,cpuregs_reg[4][14]/d,408,10
latched_branch_reg/clk,cpuregs_reg[4][13]/d,408,10
latched_branch_reg/clk,cpuregs_reg[4][12]/d,408,10
latched_branch_reg/clk,cpuregs_reg[4][11]/d,408,10
latched_branch_reg/clk,cpuregs_reg[4][10]/d,408,10
latched_branch_reg/clk,cpuregs_reg[4][9]/d,408,10
latched_branch_reg/clk,cpuregs_reg[4][8]/d,408,10
latched_branch_reg/clk,cpuregs_reg[4][7]/d,408,10
latched_branch_reg/clk,cpuregs_reg[4][6]/d,408,10
latched_branch_reg/clk,cpuregs_reg[4][5]/d,408,10
latched_branch_reg/clk,cpuregs_reg[4][4]/d,408,10
latched_branch_reg/clk,cpuregs_reg[4][3]/d,408,10
latched_branch_reg/clk,cpuregs_reg[4][2]/d,408,10
latched_branch_reg/clk,cpuregs_reg[4][1]/d,408,10
latched_branch_reg/clk,cpuregs_reg[4][0]/d,408,10
mem_valid_reg/clk,decoded_rd_reg[4]/d,408,10
mem_valid_reg/clk,decoded_rd_reg[3]/d,408,10
408,
